{"nodeLabelSize":"21","threshold":0,"edgeLength":100,"savedPositions":{"Area_lag0":[-1369.4307861328125,-199.01028680801392],"Perimeter_lag0":[-1408.8829345703125,-298.4057370647788],"Solidity_lag0":[-1642.35400390625,-234.2186939716339],"EqDiameter_lag0":[-1524.2781982421875,-350.38784408569336],"Circularity_lag0":[-1204.218017578125,-269.9357576370239],"MeanGreyValue_lag0":[-794.0762939453125,-224.47659921646118],"Homogeneity_lag0":[-1076.9202880859375,-224.845073223114],"Energy_lag0":[-1192.635498046875,-360.11519479751587],"Correlation_lag0":[-930.1777954101562,-313.97190856933594],"Viability_lag0":[-1931.134765625,-1597.3548679351807],"ClassN2_lag0":[-763.26318359375,-804.877214550972],"ClassN3_lag0":[-1165.92041015625,-1620.0065400600433],"Origin_lag0":[-1847.074951171875,-1081.2469568252563],"Growth1.0_lag0":[-421.77960205078125,-802.680721282959],"Growth2.1_lag0":[-218.1561737060547,-795.2227392196655],"Growth2.0_lag0":[-34.91660976409912,-799.056809425354],"Grey1.0_lag0":[137.72177124023438,-803.2614049911499],"Grey2.1_lag0":[353.10041856765747,-814.3727625608444],"Grey2.0_lag0":[511.51718401908875,-823.4974737167358],"Area_lag+1":[-1515.518798828125,129.10276794433594],"Perimeter_lag+1":[-1362.998779296875,82.89505767822266],"Solidity_lag+1":[-1141.87939453125,-6.372577667236328],"EqDiameter_lag+1":[-1631.0908203125,32.08830642700195],"Circularity_lag+1":[-1250.1932373046875,32.66315269470215],"MeanGreyValue_lag+1":[-1095.0867919921875,163.02972888946533],"Homogeneity_lag+1":[-1214.5993041992188,121.06085968017578],"Energy_lag+1":[-1401.5748291015625,-14.932378768920898],"Correlation_lag+1":[-927.0748901367188,43.20298743247986],"Viability_lag+1":[-1947.754150390625,-1481.7471771240234],"ClassN2_lag+1":[-781.9572143554688,-737.924674987793],"ClassN3_lag+1":[-1158.1064453125,-1484.6273651123047],"Origin_lag+1":[-2394.8841552734375,-1465.7718811035156],"Growth1.0_lag+1":[-1040.10791015625,82.18569803237915],"Growth2.1_lag+1":[-250.36619567871094,-707.6627655029297],"Growth2.0_lag+1":[-20.156365394592285,-724.6706695556641],"Grey1.0_lag+1":[-862.9557971954346,122.42893838882446],"Grey2.1_lag+1":[337.10704720020294,-726.4720001220703],"Grey2.0_lag+1":[530.7470417022705,-753.1598663330078],"Area_lag+2":[-1549.213134765625,432.3656311035156],"Perimeter_lag+2":[-1527.947968029297,529.6089630126953],"Solidity_lag+2":[-1175.1783447265625,411.84925842285156],"EqDiameter_lag+2":[-1408.684326171875,357.65830993652344],"Circularity_lag+2":[-1292.281494140625,530.5277709960938],"MeanGreyValue_lag+2":[-994.4512939453125,519.7841186523438],"Homogeneity_lag+2":[-954.06787109375,402.89251708984375],"Energy_lag+2":[-1402.49951171875,476.2379150390625],"Correlation_lag+2":[-1165.55615234375,484.4852294921875],"Viability_lag+2":[-1788.8511962890625,1571.5851745605469],"ClassN2_lag+2":[-1220.5430297851562,679.9845275878906],"ClassN3_lag+2":[-1023.92724609375,1381.6114196777344],"Origin_lag+2":[-2434.775634765625,-1388.9022827148438],"Growth1.0_lag+2":[-432.4736022949219,-657.4921875],"Growth2.1_lag+2":[-1244.2494506835938,323.041015625],"Growth2.0_lag+2":[-1011.3267059326172,336.91954040527344],"Grey1.0_lag+2":[151.5881576538086,-667.4742279052734],"Grey2.1_lag+2":[-793.8854074478149,465.28448486328125],"Grey2.0_lag+2":[-855.0575637817383,366.4384765625]}}